School name,School type,Telephone,Address1,Address2,Address3,County,Postcode,Email,Lower age,Upper age,Head Teacher,Website,
Alfriston School,Primary,(01323) 870203,North Road,Alfriston,Polegate,East Sussex,BN26 5XB,office@alfriston.e-sussex.sch.uk,5,11,Elizabeth Trevis,http://www.alfriston.e-sussex.sch.uk/,
All Saints And St Richards Church Of England Primary School,Primary,(01435) 863466,School Hill,,Heathfield,East Sussex,TN21 9AE,office@assr.e-sussex.sch.uk,5,11,Caroline Harvey,http://www.assr.org.uk,
All Saints C of E Junior School,Junior,(01424) 421397,Githa Road,,Hastings,East Sussex,TN35 5JU,office@allsaints-jun.e-sussex.sch.uk,7,11,Celia Kemp,http://www.allsaints-jun.e-sussex.sch.uk,
All Saints C of E Primary School Bexhill,Primary,(01424) 219083,All Saints Lane,,Bexhill-on-sea,East Sussex,TN39 5HA,office@allsaints-bex.e-sussex.sch.uk,5,11,Corinne Mcgregor,http://www.allsaints-bex.e-sussex.sch.uk,
Annecy Catholic Primary School,Primary,(01323) 894892,Sutton Avenue,,Seaford,East Sussex,BN25 4LF,office@annecy.e-sussex.sch.uk,5,11,Fiona McGonigle,http://www.annecycatholicprimaryschool.org.uk/,
Barcombe Church of England Primary School,Primary,(01273) 400287,School Path,Barcombe Cross,Lewes,East Sussex,BN8 5DN,office@barcombe.e-sussex.sch.uk,5,11,Caitlin Yapp,http://www.barcombe.e-sussex.sch.uk,
Battle and Langton Church of England Primary School,Primary,(01424) 775987,Market Road,,Battle,East Sussex,TN33 0HQ,office@battlelangton.e-sussex.sch.uk,5,11,Richard Dyer,http://www.battlelangton.e-sussex.sch.uk,
Beacon Community College,Secondary,(01892) 603000,East Beeches Road,,Crowborough,East Sussex,TN6 2AS,admin@beacon.e-sussex.sch.uk,11,18,Peter Swan,http://www.beacon.e-sussex.sch.uk,
Beckley Church of England Primary School,Primary,(01797) 260324,Main Street,Beckley,Rye,East Sussex,TN31 6RN,office@beckley.e-sussex.sch.uk,5,11,Tracy Curl,,
Bexhill High School,Secondary,(01424) 730722,Gunters Lane,,Bexhill-on-sea,East Sussex,TN39 4ED,office@bexhillhigh.e-sussex.sch.uk,11,16,Mike Conn,http://www.bexhillhigh.e-sussex.sch.uk/,
Blackboys Church of England Primary School,Primary,(01825) 890423,School Lane,Blackboys,Uckfield,East Sussex,TN22 5LL,office@blackboys.e-sussex.sch.uk,5,11,Jonquil King,http://www.blackboys.e-sussex.sch.uk,
Blacklands Primary School,Primary,(01424) 429279,Osborne Close,,Hastings,East Sussex,TN34 2HU,admin@blacklands.e-sussex.sch.uk,5,11,Alison Baines,http://www.blacklands.e-sussex.sch.uk,
Bodiam Church of England Primary School,Primary,(01580) 830342,Bodiam ,,Robertsbridge,East Sussex,TN32 5UH,office@bodiam.e-sussex.sch.uk,5,11,Margaret Williams,http://www.bodiamceprimary.ik.org,
Bonners Church of England Primary School,Primary,(01825) 762381,High Street,Maresfield,Uckfield,East Sussex,TN22 2EG,office@bonners.e-sussex.sch.uk,5,11,Marion Ponting,http://www.bonners.e-sussex.sch.uk,
Bourne Primary School,Primary,(01323) 724729,Melbourne Road,,Eastbourne,East Sussex,BN22 8BE,office@bourne.e-sussex.sch.uk,5,11,David Swales,http://www.bourne.e-sussex.sch.uk,
Brede Primary School,Primary,(01424) 882393,Udimore Road,Broad Oak,Rye,East Sussex,TN31 6DG,office@brede.e-sussex.sch.uk,5,11,Nicole Cummins,,
Broad Oak Community Primary School,Primary,(01435) 862951,Scotsford Road,Broad Oak,Heathfield,East Sussex,TN21 8UD,office@broadoak.e-sussex.sch.uk,5,11,Maria Maslin,http://www.broadoak.e-sussex.sch.uk,
Burwash Church Of England Primary School,Primary,(01435) 882440,School Hill,Burwash,Etchingham,East Sussex,TN19 7DZ,office@burwash.e-sussex.sch.uk,5,11,Deborah Gilbert,http://www.burwash.e-sussex.sch.uk,
Buxted Church of England Primary School,Primary,(01825) 733185,Hurstwood Road,Buxted,Uckfield,East Sussex,TN22 4BB,office@buxtedce.e-sussex.sch.uk,5,11,Ann Radford,http://www.school-portal.co.uk/Grouphomepage.asp?Groupid=394047,
Castledown Community Primary and Nursery School,Primary,(01424) 444046,Priory Road,,Hastings,East Sussex,TN34 3QT,office@castledown.e-sussex.sch.uk,5,11,,,
Catsfield Church of England Primary School,Primary,(01424) 892247,Church Road,Catsfield,Battle,East Sussex,TN33 9DP,office@catsfieldcep.e-sussex.sch.uk,5,11,Sally Clark,,
Chailey School,Secondary,(01273) 890407,Mill Lane,South Chailey,Lewes,East Sussex,BN8 4PU,office@chaileyschool.org,11,16,Lesley Young,http://www.chaileyschool.org,
St Peter's Church of England Primary School,Primary,(01825) 722939,East Grinstead Road,North Chailey,Lewes,East Sussex,BN8 4DB,office@chailey-st-peters.e-sussex.sch.uk,5,11,Gill Morrow,http://www.chailey-st-peters.e-sussex.sch.uk,
Chantry Community Primary School,Primary,(01424) 211696,Barrack Road,,Bexhill-on-Sea,East Sussex,TN40 2AT,office@chantry.e-sussex.sch.uk,5,11,Christine Dickens,http://www.chantry.e-sussex.sch.uk/,
Chiddingly Primary School,Primary,(01825) 872307,Muddles Green,Chiddingly,Lewes,East Sussex,BN8 6HN,office@chiddingly.e-sussex.sch.uk,5,11,Jane Ireland, Val Cobb,http://www.school-portal.co.uk/Grouphomepage.asp?GroupId=316058,
Christ Church Church of England Primary School,Primary,(01424) 422953,Woodland Vale Road,,St Leonards-on-Sea,East Sussex,TN37 6JJ,office@christchurch.e-sussex.sch.uk,5,11,Anne Hanney,http://www.christchurch.e-sussex.sch.uk,
Churchwood Community Primary School,Primary,(01424) 852326,Church in the Wood Lane,,St Leonards-on-sea,East Sussex,TN38 9PB,office@churchwoodcp.e-sussex.sch.uk,5,11,Jan Gough,http://www.churchwoodcp.e-sussex.sch.uk,
Chyngton School,Primary,(01323) 893281,Millberg Road,,Seaford,East Sussex,BN25 3ST,office@chyngton-primary.e-sussex.sch.uk,5,11,Jon Anniss,http://www.chyngton-primary.e-sussex.sch.uk/,
Claverham Community College,Secondary,(01424) 772155,North Trade Road,,Battle,East Sussex,TN33 0HT,office@claverham.e-sussex.sch.uk,11,16,Paul Swatton,http://www.claverham.e-sussex.sch.uk,
Cradle Hill Community Primary School,Primary,(01323) 892773,Lexden Road,,Seaford,East Sussex,BN25 3BA,office@cradlehill.e-sussex.sch.uk,5,11,Gianni Bianchi,http://www.cradlehill.com,
Cross-in-Hand Church Of England Primary School,Primary,(01435) 862941,Sheepsetting Lane,Cross In Hand,Heathfield,East Sussex,TN21 0XG,office@cross-in-hand.e-sussex.sch.uk,5,11,Maureen Fairhead,http://www.cross-in-hand.e-sussex.sch.uk,
Crowhurst Church of England Primary School,Primary,(01424) 830324,Forewood Lane,Crowhurst,Battle,East Sussex,TN33 9AJ,office@crowhurst.e-sussex.sch.uk,5,11,Andrew Jervis,http://www.crowhurst.e-sussex.sch.uk,
Cuckmere House School,Special,(01323) 893319,Eastbourne Road,,Seaford,East Sussex,BN25 4BA,office@cuckmerehouse.e-sussex.sch.uk,9,16,Frank Stanford,http://www.cuckmerehouse.e-sussex.sch.uk/,
Dallington Church of England Primary School,Primary,(01435) 830335,The Street,Dallington,Heathfield,East Sussex,TN21 9NH,office@dallington.e-sussex.sch.uk,5,11,Deborah Gilbert,http://www.dallington.e-sussex.sch.uk,
Danehill Church of England Primary School,Primary,(01825) 790388,School Lane,Danehill,Haywards Heath,East Sussex,RH17 7JB,office@danehill.e-sussex.sch.uk,5,11,Patricia Eastley,http://www.danehill.e-sussex.sch.uk,
Denton Community School,Primary,(01273) 513377,Acacia Road,,Newhaven,East Sussex,BN9 0QJ,office@denton.e-sussex.sch.uk,5,11,Audrey Jarvis,http://www.denton.e-sussex.sch.uk/,
Ditchling (St Margaret's) Church of England Primary School,Primary,(01273) 844130,Lewes Road,Ditchling,Hassocks,East Sussex,BN6 8TU,office@ditchling-ce-prim.e-sussex.sch.uk,5,11,David Simon,,
Dudley Infant School,Infant,(01424) 422981,Harold Road,,Hastings,East Sussex,TN35 5NJ,office@dudley.e-sussex.sch.uk,5,7,Joanne McCarron-Charles,http://www.dudley.e-sussex.sch.uk,
East Hoathly Church of England Primary School,Primary,(01825) 840247,Church Marks Lane,East Hoathly,Lewes,East Sussex,BN8 6EQ,office@easthoathly.e-sussex.sch.uk,5,11,Anthea Hill,http://www.easthoathly.e-sussex.sch.uk,
Elphinstone Community School,Primary,(01424) 425670,Parker Road,,Hastings,East Sussex,TN34 3TH,office@elphinstone.e-sussex.sch.uk,5,11,Tsai Tenn,http://www.elphinstone.e-sussex.sch.uk,
Etchingham Church of England Primary School,Primary,(01580) 819218,Burgh Hill,,Etchingham,East Sussex,TN19 7PB,office@etchingham.e-sussex.sch.uk,5,11,Margaret Williams,http://www.etchingham.e-sussex.sch.uk,
Firle Church of England Primary School,Primary,(01273) 858260,Firle,,Lewes,East Sussex,BN8 6LF,office@firle-school.e-sussex.sch.uk,5,11,Michelle van Bochove,http://www.firle-school.e-sussex.sch.uk,
Five Ashes Church of England Primary School,Primary,(01825) 830395,Five Ashes,,Mayfield,East Sussex,TN20 6HY,office@fiveashes.e-sussex.sch.uk,5,11,Paul Wickens,http://www.fiveashes.e-sussex.sch.uk/,
Fletching Church of England Primary School,Primary,(01825) 722356,Fletching,,Uckfield,East Sussex,TN22 3SP,office@fletching.e-sussex.sch.uk,5,11,Laura Hill,http://www.fletching.e-sussex.sch.uk,
Forest Row Church of England Primary School,Primary,(01342) 823380,Hartfield Road,,Forest Row,East Sussex,RH18 5DZ,office@forestrow.e-sussex.sch.uk,5,11,Margaret Williams,http://www.forestrow.e-sussex.sch.uk,
Framfield Church of England Primary School,Primary,(01825) 890258,The Street,Framfield,Uckfield,East Sussex,TN22 5NR,office@framfieldcep.e-sussex.sch.uk,5,11,Janet Wilde,http://www.framfieldcep.e-sussex.sch.uk,
Frant Church of England Primary School,Primary,(01892) 750243,Church Lane,Frant,Tunbridge Wells,East Sussex,TN3 9DX,office@frantcep.e-sussex.sch.uk,5,11,Paul Shefford,http://www.frantcep.e-sussex.sch.uk,
Glyne Gap School,Special,(01424) 217720,Hastings Road,,Bexhill-on-sea,East Sussex,TN40 2PU,office@glynegap.e-sussex.sch.uk,2,19,John Hassell,http://www.glynegap.e-sussex.sch.uk,
Grays School,Infant,(01273) 513968,Western Road,,Newhaven,East Sussex,BN9 9ED,office@grays.e-sussex.sch.uk,4,7,Christine Terrey,http://www.graysschool.co.uk,
Groombridge St Thomas' Church Of England Primary School,Primary,(01892) 864305,Corseley Road,Groombridge,Tunbridge Wells,East Sussex,TN3 9SF,office@groombridgest-thomas.e-sussex.sch.uk,5,11,Angela Nicholls,http://www.groombridgest-thomas.e-sussex.sch.uk,
Grove Park School,Special,(01892) 663018,Church Road,,Crowborough,East Sussex,TN6 1BN,office@grove-park.e-sussex.sch.uk,2,19,Peter Swan,http://www.grove-park.e-sussex.sch.uk/,
Grovelands Community School,Primary,(01323) 840062,Dunbar Drive,,Hailsham,East Sussex,BN27 3UW,office@grovelands.e-sussex.sch.uk,5,11,Julie Claxton,http://www.grovelands.e-sussex.sch.uk,
Guestling-Bradshaw Church of England Primary,Primary,(01424) 812279,Guestling-Bradshaw Church of England Primary,Guestling,Hastings,East Sussex,TN35 4LS,office@guestling.e-sussex.sch.uk,5,11,Carolyn Weston,http://www.guestling.e-sussex.sch.uk,
Hailsham Community College,Secondary,(01323) 841468,Battle Road,,Hailsham,East Sussex,BN27 1DT,office@hailshamcc.e-sussex.sch.uk,11,18,Lesley Farmer,http://www.hailshamcc.e-sussex.sch.uk,
Hamsey Community Primary School,Primary,(01273) 400370,Cooksbridge,,Lewes,East Sussex,BN8 4SJ,office@hamsey.e-sussex.sch.uk,5,11,Allan Wright,http://www.hamsey.e-sussex.sch.uk,
Hankham Primary School,Primary,(01323) 763265,Hankham Street,Hankham,Pevensey,East Sussex,BN24 5AY,office@hankham.e-sussex.sch.uk,5,11,Michael Round,http://www.hankham.e-sussex.sch.uk,
Harlands Primary School,Primary,(01825) 764244,Mallard Drive,,Uckfield,East Sussex,TN22 5PW,office@harlands.e-sussex.sch.uk,5,11,Louisa Michie,http://www.harlands.e-sussex.sch.uk,
Hawkes Farm Primary School,Primary,(01323) 841466,Hawks Road,,Hailsham,East Sussex,BN27 1ND,office@hawkesfarm.e-sussex.sch.uk,5,11,Valerie Cobb,http://www.hawkesfarm.co.uk,
Hazel Court Special School,Special,(01323) 465720,Larkspur Drive,,Eastbourne,East Sussex,BN23 8EJ,office@hazelcourt.e-sussex.sch.uk,11,19,Peter Gordon,http://www.hazelcourt.e-sussex.sch.uk,
Heathfield Community College,Secondary,(01435) 866066,Heathfield Community College,Cade Street,Heathfield,East Sussex,TN21 8RJ,office@heathfieldcc.e-sussex.sch.uk,11,18,Alan Powell,http://www.heathfieldcc.e-sussex.sch.uk,
Helenswood School,Secondary,(01424) 753040,The Ridge,,St Leonards-on-sea,East Sussex,TN37 7PS,office@helenswood.e-sussex.sch.uk,11,18,Lucy Monk,http://www.helenswood.e-sussex.sch.uk,
Hellingly Community Primary School,Primary,(01323) 844346,North Street,Hellingly,Hailsham,East Sussex,BN27 4DS,office@hellingly.e-sussex.sch.uk,5,11,Gary Hind,http://www.school-portal.co.uk/Grouphomepage.asp?GroupId=319394,
Herne Junior School,Junior,(01892) 654862,Herne Road,,Crowborough,East Sussex,TN6 2NT,office@herne.e-sussex.sch.uk,7,11,Tracy Robinson,http://www.herneschool.com,
Herstmonceux Church of England Primary School,Primary,(01323) 833148,Gardner Street,Herstmonceux,Hailsham,East Sussex,BN27 4LG,office@herstmonceux.e-sussex.sch.uk,5,11,Catherine Cottingham,http://www.herstmonceux.e-sussex.sch.uk,
High Hurstwood Church of England Primary School,Primary,(01825) 733231,Chillies Lane,High Hurstwood,Uckfield,East Sussex,TN22 4AD,office@highhurstwood.e-sussex.sch.uk,5,11,Jane Cook,http://www.highhurstwood.e-sussex.sch.uk,
Hoddern Junior School,Junior,(01273) 584462,Hoddern Avenue,,Peacehaven,East Sussex,BN10 7QY,office@hoddern.e-sussex.sch.uk,7,11,Robert Evans,http://www.school-portal.co.uk/GroupHomepage.asp?GroupID=319402,
Hollington Primary School,Primary,(01424) 851783,Hollington Old Lane,,St Leonards-on-sea,East Sussex,TN38 9DS,office@hollington-pri.e-sussex.sch.uk,5,11,John Smith,http://www.hollington-pri.e-sussex.sch.uk,
Holy Cross Church Of England Primary School,Primary,(01825) 762336,Belmont Road,,Uckfield,East Sussex,TN22 1BP,office@holycross.e-sussex.sch.uk,5,11,Justin Heath,http://www.holycross.e-sussex.sch.uk ,
Hurst Green Church of England Primary School,Primary,(01580) 860375, London Road,Hurst Green,Etchingham,East Sussex,TN19 7PN,office@hurstgreen.e-sussex.sch.uk,5,11,Graham White,,
Icklesham Church of England Primary School,Primary,(01424) 814448,High Fords,Icklesham,Winchelsea,East Sussex,TN36 4BX,office@ickleshamcp.e-sussex.sch.uk,5,11,Pauline Higgs,http://www.ickleshamcp.e-sussex.sch.uk,
Iford and Kingston Church of England Primary School,Primary,(01273) 474973,Wellgreen Lane,Kingston,Lewes,East Sussex,BN7 3NR,office@iford-kingston.e-sussex.sch.uk,5,11,Andrew Dobell,http://www.iford-kingston.e-sussex.sch.uk,
Jarvis Brook School,Primary,(01892) 653033,Hadlow Down Road,Jarvis Brook,Crowborough,East Sussex,TN6 3RG,office@jarvis-brook.e-sussex.sch.uk,5,11,Tara King,,
King Offa Primary School,Primary,(01424) 211548,Down Road,,Bexhill-on-Sea,East Sussex,TN39 4HS,office@kingoffa.e-sussex.sch.uk,5,11,Shirley Frankis,http://www.kingoffa.e-sussex.sch.uk,
Langney Primary School,Primary,(01323) 762177,Chailey Close,Langney,Eastbourne,East Sussex,BN23 7EA,admin@langney.e-sussex.sch.uk,5,11,Darren Vallier,http://www.langney.e-sussex.sch.uk/,
Laughton Community Primary School,Primary,(01323) 811306,Church Lane,Laughton,Lewes,East Sussex,BN8 6AH,office@laughton.e-sussex.sch.uk,5,11,Rachel West,http://www.laughton.e-sussex.sch.uk,
Little Common School,Primary,(01424) 842297,Shepherds Close,,Bexhill-on-Sea,East Sussex,TN39 4SQ,office@littlecommon.e-sussex.sch.uk,5,11,Linda Appleby,http://www.littlecommon.e-sussex.sch.uk,
Little Horsted Church of England Primary School,Primary,(01825) 750380,Little Horsted,,Uckfield,East Sussex,TN22 5TS,office@littlehorsted.e-sussex.sch.uk,5,11,Michael Davies,http://www.littlehorsted.e-sussex.sch.uk/,
Little Ridge Community Primary School,Primary,(01424) 752266,Little Ridge Avenue,,St Leonards-on-Sea,East Sussex,TN37 7LR,admin@littleridge.e-sussex.sch.uk,5,11,Tom Collins,http://www.littleridge.e-sussex.sch.uk,
Manor Primary School,Primary,(01825) 763041,Downsview Crescent,,Uckfield,East Sussex,TN22 1UB,office@manor.e-sussex.sch.uk,5,11,Margaret Coleman,http://www.manor.e-sussex.sch.uk,
Mark Cross Church of England Primary School,Primary,(01892) 852866,Mark Cross,,Crowborough,East Sussex ,TN6 3PJ,office@markcrossce.e-sussex.sch.uk,5,11,Julie Prentice,,
Marshlands Primary School,Primary,(01323) 841420,Marshfoot Lane,,Hailsham,East Sussex,BN27 2PH,office@marshlands.e-sussex.sch.uk,5,11,Wendy  Gibbins,http://www.school-portal.co.uk/Grouphomepage.asp?GroupId=585983,
Mayfield Church of England Primary School,Primary,(01435) 873185,Fletching Street,,Mayfield,East Sussex,TN20 6TA,office@mayfieldcep.e-sussex.sch.uk,5,11,Susan Hooper,http://www.mayfieldcep.e-sussex.sch.uk,
Maynards Green Community Primary School,Primary,(01435) 812622,Maynards Green,,Heathfield,East Sussex,TN21 0DD,office@maynardsgreen.e-sussex.sch.uk,5,11,Verity Poole,http://www.maynardsgreen.e-sussex.sch.uk,
Meeching Valley Primary School,Primary,(01273) 514300,Valley Road,,Newhaven,East Sussex,BN9 9UT,office@meechingvalley.e-sussex.sch.uk,5,11,Davina Wakelin,http://www.meechingvalleyprimaryschool.co.uk,
Meridian Primary School,Primary,(01273) 584212,Roderick Avenue North,,Peacehaven,East Sussex,BN10 8BZ,office@meridian.e-sussex.sch.uk,5,11,Claire Westcott,http://www.meridianschool.co.uk,
Motcombe Community School,Infant,(01323) 728901,Macmillan Drive,,Eastbourne,East Sussex,BN21 1SN,office@motcombe.e-sussex.sch.uk,5,7,Jane Midwinter,http://www.motcombe.e-sussex.sch.uk,
Mountfield & Whatlington Church of England Primary School,Primary,(01580) 880587,Vinehall Road,Mountfield,Robertsbridge,East Sussex,TN32 5JN,office@mwprimary.e-sussex.sch.uk,5,11,Joseph Hellett,http://www.mwprimary.com,
Netherfield Church of England Primary School,Primary,(01424) 838323,Darvel Down,Netherfield,Battle,East Sussex,TN33 9QF,office@netherfield.e-sussex.sch.uk,5,11,Barbara Gill,http://www.netherfield.e-sussex.sch.uk,
New Horizons School,Special,(01424) 858020,Beauchamp Road,,St Leonards-on-sea,East Sussex,TN38 9JU,office@newhorizons.e-sussex.sch.uk,7,16,Simone Hopkins,,
Newick Church of England Primary School,Primary,(01825) 723377,Allington Road,Newick,Lewes,East Sussex,BN8 4NB,office@newick-ce-prm.e-sussex.sch.uk,5,11,Sophie Thomas,http://www.newickschool.co.uk,
Ninfield Church of England Primary School,Primary,(01424) 892486,Church Lane,Ninfield,Battle,East Sussex,TN33 9JW,office@ninfieldce.e-sussex.sch.uk,5,11,Christopher Brown,http://www.ninfieldce.e-sussex.sch.uk,
Northiam Church of England Primary School,Primary,(01797) 252141,Main Street,Northiam,Rye,East Sussex,TN31 6NB,office@northiamcep.e-sussex.sch.uk,5,11,Jill Thewlis,http://www.northiamcep.e-sussex.sch.uk,
Nutley Church of England Primary School,Primary,(01825) 712575,High Street,Nutley,Uckfield,East Sussex,TN22 3NW,office@nutleyce.e-sussex.sch.uk,5,11,Pat Coleman,,
Oakwood School,Primary,(01323) 501251,Magnolia Drive,,Eastbourne,East Sussex ,BN22 0SS,office@oakwood.e-sussex.sch.uk,5,11,Anne Rabbetts,http://www.oakwood.e-sussex.sch.uk,
Ocklynge Junior School,Junior,(01323) 725839,Victoria Drive,,Eastbourne,East Sussex,BN20 8XN,office@ocklynge.e-sussex.sch.uk,7,11,Mark Trott,http://www.ocklynge.e-sussex.sch.uk,
Park Mead Primary School,Primary,(01323) 844247,Upper Dicker,,Hailsham,East Sussex,BN27 3QP,office@parkmead.e-sussex.sch.uk,5,11,Linda Morris,,
Parkland Infant School,Infant,(01323) 502862,Brassey Avenue,,Eastbourne,East Sussex,BN22 9QJ,office@parkland-inf.e-sussex.sch.uk,5,7,Tim Mehmet,http://www.parklandinfantschool.ik.org,
Parkland Junior School,Junior,(01323) 502620,Brassey Avenue,,Eastbourne,East Sussex,BN22 9QJ,office@parkland-jun.e-sussex.sch.uk,7,11,Steve Gough,http://www.parkland-jun.e-sussex.sch.uk,
Parkside Community Primary School,Primary,(01435) 864577,Beechwood Lane,,Heathfield,East Sussex,TN21 8QQ,office@parkside.e-sussex.sch.uk,5,11,Norman Wood,http://www.parkside.e-sussex.sch.uk/,
Pashley Down Infant School,Infant,(01323) 730719,Beechy Avenue,,Eastbourne,East Sussex,BN20 8NX,office@pashley.e-sussex.sch.uk,5,7,Jennifer Cruse,,
Peacehaven Community School,Secondary,(01273) 581100,Greenwich Way,,Peacehaven,East Sussex,BN10 8RB,enquiries@phcs.org.uk,11,16,Helen Cryer,http://www.phcs.org.uk/,
Peacehaven Infant School,Infant,(01273) 583310,Roderick Avenue,,Peacehaven,East Sussex,BN10 8UZ,office@peacehaven.e-sussex.sch.uk,5,7,,,
Peasmarsh Church of England Primary School,Primary,(01797) 230325,School Lane,Peasmarsh,Rye,East Sussex,TN31 6UW,office@peasmarsh.e-sussex.sch.uk,5,11,Alexander McMillan,http://www.peasmarsh.e-sussex.sch.uk,
Pebsham Community Primary School,Primary,(01424) 215175,Hastings Road,,Bexhill-on-Sea,East Sussex,TN40 2PU,office@pebshamcp.e-sussex.sch.uk,5,11,Patricia Strickson,http://www.pebshamcp.co.uk,
Pells Church of England Primary School,Primary,(01273) 476708,Landport Road,,Lewes,East Sussex,BN7 2SU,office@pells.e-sussex.sch.uk,5,11,Kerri Burns,http://www.pells.e-sussex.sch.uk,
Pevensey and Westham Church of England Primary School,Primary,(01323) 762269,86 High Street,Westham,Pevensey,East Sussex,BN24 5LP,admin@pevensey-westham.e-sussex.sch.uk,5,11,Janice Gott,http://www.pevensey-westham.e-sussex.sch.uk,
Plumpton Primary School,Primary,(01273) 890338,Southdowns,Plumpton Green,Lewes,East Sussex,BN7 3EB,office@plumpton.e-sussex.sch.uk,5,11,Annie Rogers,http://www.plumpton.e-sussex.sch.uk,
Polegate School,Primary,(01323) 482404,Oakleaf Drive,,Polegate,East Sussex,BN26 6PT,office@polegate.e-sussex.sch.uk,5,11,Claire Martin-O'Donoghue,http://www.polegate.e-sussex.sch.uk,
Priory School,Secondary,(01273) 476231,Mountfield Road,,Lewes,East Sussex,BN7 2XN,office@priory.e-sussex.sch.uk,11,16,Anthony Smith,http://www.priory.e-sussex.sch.uk,
Punnetts Town Community Primary School,Primary,(01435) 830361,Punnett's Town,,Heathfield,East Sussex,TN21 9DE,office@punnettstown.e-sussex.sch.uk,5,11,Maria Maslin,http://www.punnettstown.e-sussex.sch.uk,
Ratton School,Secondary,(01323) 504011,Park Avenue,,Eastbourne,East Sussex,BN21 2XR,office@ratton.e-sussex.sch.uk,11,16,David Linsell,http://www.ratton.e-sussex.sch.uk,
Red Lake Community Primary School,Primary,(01424) 422979,Rye Road,,Hastings,East Sussex,TN35 5DB,office@redlake.e-sussex.sch.uk,5,11,Elizabeth Brown,,
Ringmer Community College,Secondary,(01273) 812220,Lewes Road,Ringmer,Lewes,East Sussex,BN8 5RB,office@ringmer.e-sussex.sch.uk,11,18,Kathryn Stonier,http://www.ringmer.e-sussex.sch.uk,
Ringmer Primary School,Primary,(01273) 812463,Harrisons Lane,Ringmer,Lewes,East Sussex,BN8 5LL,schooloffice@ringmer-pri.e-sussex.sch.uk,5,11,Jackie Warren,http://www.ringmer-pri.e-sussex.sch.uk,
Robertsbridge Community College,Secondary,(01580) 880360,Knelle Road,,Robertsbridge,East Sussex,TN32 5EA,admin@robertsbridge.org.uk,11,16,Simon Potten,http://www.robertsbridge.org.uk/,
Robsack Wood Community Primary School,Primary,(01424) 853521,Whatlington Way,,St Leonards-on-sea,East Sussex,TN38 9TE,office@robsack-wood.e-sussex.sch.uk,5,11,John Benwell,http://www.robsack-wood.e-sussex.sch.uk,
Rocks Park Primary School,Primary,(01825) 762827,Lashbrooks Road,,Uckfield,East Sussex,TN22 2AY,office@rockspark.e-sussex.sch.uk,5,11,Christopher Davey,http://www.rockspark.e-sussex.sch.uk,
Rodmell Church of England Primary School,Primary,(01273) 473916,Rodmell,,Lewes,East Sussex,BN7 3HF,office@rodmell.e-sussex.sch.uk,5,11,Leanne Winterton,http://www.rodmell.e-sussex.sch.uk,
Roselands Infant School,Infant,(01323) 726764,Woodgate Road,,Eastbourne,East Sussex,BN22 8PD,office@roselands.e-sussex.sch.uk,5,7,Christine Rendle,,
Rotherfield Primary School,Primary,(01892) 852574,North Street,Rotherfield,Crowborough,East Sussex,TN6 3NA,office@rotherfield-cps.e-sussex.sch.uk,5,11,Marianne Terry,http://www.rotherfield-cps.e-sussex.sch.uk,
Sacred Heart Catholic Primary School,Primary,(01424) 429494,Old London Road,,Hastings,East Sussex,TN35 5NA,office@sacred-heart.e-sussex.sch.uk,5,11,Rosalind Gillies,http://www.sacred-heart.e-sussex.sch.uk,
Salehurst Church of England Primary School,Primary,(01580) 880288,George Hill,,Robertsbridge,East Sussex,TN32 5BU,office@salehurst.e-sussex.sch.uk,5,11,Andrew McGregor,,
Sandown Primary School,Primary,(01424) 436983,The Ridge,,Hastings,East Sussex,TN34 2AA,office@sandownprimary.e-sussex.sch.uk,5,11,Charles Lindsay,http://www.sandownprimary.e-sussex.sch.uk,
Saxon Mount School,Special,(01424) 426303,Edinburgh Road,,St Leonards-on-sea,East Sussex,TN38 8HH,office@saxon.e-sussex.sch.uk,11,16,Richard Preece,http://www.saxonmount.com/,
Seaford Head Community College,Secondary,(01323) 891623,Arundel Road,,Seaford,East Sussex,BN25 4LX,office@seafordhead.e-sussex.sch.uk,11,16,Lynton Golds,http://www.seafordhead.e-sussex.sch.uk,
Seaford Primary School,Primary,(01323) 893450,Wilkinson Way,,Seaford,East Sussex,BN25 2JF,office@seafordprimary.e-sussex.sch.uk,5,11,Jonathan Reynard,http://www.seafordprimary.co.uk ,
Sedlescombe Church of England Primary School,Primary,(01424) 870585,Gammons Way,Sedlescombe,Battle,East Sussex,TN33 0RQ,office@sedlescombecep.e-sussex.sch.uk,5,11,Marian Ham,http://www.sedlescombecep.e-sussex.sch.uk,
Shinewater Primary School,Primary,(01323) 762129,Milfoil Drive,,Eastbourne,East Sussex,BN23 8ED,office@shinewater.e-sussex.sch.uk,5,11,John Greenwood,http://www.shinewater.e-sussex.sch.uk,
Sidley Community Primary School,Primary,(01424) 213611,Buxton Drive,,Bexhill-on-sea,East Sussex,TN39 4BD,office@sidleycp.e-sussex.sch.uk,5,11,Patricia Strickson,,
Silverdale Primary School,Primary,(01424) 448100,Perth Road,,St Leonards-on-sea,East Sussex,TN37 7EA,office@silverdale.e-sussex.sch.uk,5,11,Gillian Knox,http://www.silverdale.e-sussex.sch.uk/,
Sir Henry Fermor Church of England Primary School,Primary,(01892) 652405,Crowborough Hill,,Crowborough,East Sussex,TN6 2SD,office@sirhfermor.e-sussex.sch.uk,5,11,Anne Franklin,http://www.school-portal.co.uk/GroupHomepage.asp?GroupID=321329,
South Malling Church of England Primary School,Primary,(01273) 473016,Church Lane,,Lewes,East Sussex,BN7 2HS,office@southmalling.e-sussex.sch.uk,5,11,Joanna O'Donoghue,http://www.school-portal.co.uk/GroupHomepage.asp?GroupID=422345,
Southdown Junior School,Junior,(01273) 514532,Church Hill,,Newhaven,East Sussex,BN9 9LX,office@southdown.e-sussex.sch.uk,7,11,Christine Terrey,,
Southover Church of England Primary School,Primary,(01273) 473015,Potters Lane,,Lewes,East Sussex,BN7 1JP,office@southover.e-sussex.sch.uk,5,11,Stephen Elliott,http://www.southoverschool.net/,
St Andrew's Church of England Infant School,Infant,(01323) 724749,Winchelsea Road,,Eastbourne,East Sussex,BN22 7PP,office@st-andrews-inf.e-sussex.sch.uk,5,7,Carol Meakins,http://www.st-andrews-inf.e-sussex.sch.uk,
St John's Church of England Primary School,Primary,(01892) 661189,School Lane,,Crowborough,East Sussex,TN6 1SD,office@stjohnsprimary.org,5,11,Laura Cooper,http://www.stjohns.e-sussex.sch.uk/,
St John's Meads Church of England Primary School,Primary,(01323) 730255,Rowsley Road,,Eastbourne,East Sussex,BN20 7XS,office@meads.e-sussex.sch.uk,5,11,Alison Flynn,http://www.meads.e-sussex.sch.uk,
St Leonards Church of England Primary School,Primary,(01424) 422950,Collinswood Drive,,St Leonards-on-Sea,East Sussex,TN38 0NX,office@stleonards-ce.e-sussex.sch.uk,5,11,Robert Upton,http://www.stleonards-ce.e-sussex.sch.uk,
St Mark's Church of England Primary School,Primary,(01825) 830375,School Lane,Hadlow Down,Uckfield,East Sussex,TN22 4HY,office@st-marks.e-sussex.sch.uk,5,11,Claire Rivers,http://www.st-marks.e-sussex.sch.uk,
St Mary Magdalene Catholic Primary School,Primary,(01424) 735810,Hastings Road,,Bexhill-On-Sea,East Sussex ,TN40 2ND,office@stmarymagsbex.e-sussex.sch.uk,5,11,Patricia Longmire,,
St Mary Star of the Sea Catholic Primary School,Primary,(01424) 427801,Magdalen Road,,St Leonards-on-sea,East Sussex,TN37 6EU,office@st-mary-star.e-sussex.sch.uk,5,11,Jane Smith,http://www.st-mary-star.e-sussex.sch.uk,
St Mary the Virgin Church of England Primary School,Primary,(01892) 770221,High Street,,Hartfield,East Sussex,TN7 4AA,office@st-maryhartfield.e-sussex.sch.uk,5,11,Nicola Blake,http://www.st-maryhartfield.e-sussex.sch.uk,
St Mary's Catholic Primary School,Primary,(01892) 655291,Chapel Green,,Crowborough,East Sussex,TN6 2LB,office@stmarysrc.e-sussex.sch.uk,5,11,Maria Cowler,http://www.stmarysrc.e-sussex.sch.uk,
St Mary's School Horam,Special,(01435) 812278,St Mary's School Horam,Maynards Green,Heathfield,East Sussex,TN21 0BT,office@st-marys-horam.e-sussex.sch.uk,9,16,Simon Thorpe,http://www.st-marys-horam.e-sussex.sch.uk,
St Michael's Church of England Primary School,Primary,(01797) 280277,Houghton Green Lane,Playden,Rye,East Sussex,TN31 7PJ,office@playdenschool.com,5,11,John Greenway,,
St Michael's Primary School,Primary,(01892) 770307,Station Road,Withyham,Hartfield,East Sussex,TN7 4BP,office@st-michaels.e-sussex.sch.uk,5,11,Katie O'Shea,http://www.st-michaels.e-sussex.sch.uk,
St Pancras Catholic Primary School,Primary,(01273) 473017,De Montfort Road,,Lewes,East Sussex,BN7 1SR,office@st-pancras.e-sussex.sch.uk,5,11,Deborah  Turner,http://www.st-pancras.e-sussex.sch.uk,
St Paul's Church Of England Primary School,Primary,(01424) 424530,Horntye Road,,St Leonards-on-Sea,East Sussex,TN37 6RT,admin@st-paulscofe-pri.e-sussex.sch.uk,5,11,Richard White,http://www.stpaulsceps.co.uk,
St Peter and St Paul Church of England Primary School,Primary,(01424) 211073,Buckhurst Road,,Bexhill-on-Sea,East Sussex,TN40 1QE,office@stpeterstpaul.e-sussex.sch.uk,5,11,Paula Robinson,http://www.stpeterstpaul.e-sussex.sch.uk,
St Philip's Catholic Primary School,Primary,(01825) 762032,New Town,,Uckfield,East Sussex,TN22 5DJ,office@stphilips.e-sussex.sch.uk,5,11,Frances Morrison,http://www.stphilips.e-sussex.sch.uk,
St Richard's Catholic College,Secondary,(01424) 731070,Ashdown Road,,Bexhill-on-sea,East Sussex,TN40 1SE,office@strichardscc.com,11,16,Doreen Cronin,http://www.st-richards.e-sussex.sch.uk,
St Thomas A Becket Catholic Infant School,Infant,(01323) 726004,3 Tutts Barn Lane,,Eastbourne,East Sussex,BN22 8XT,office@stthomasbecket-inf.e-sussex.sch.uk,5,7,Ruth Jones,http://www.stthomasbecket-inf.e-sussex.sch.uk,
St Thomas A Becket Catholic Junior School,Junior,(01323) 737221,7 Tutts Barn Lane,,Eastbourne,East Sussex,BN22 8XT,office@stthomasbecket.e-sussex.sch.uk,7,11,Rachel Turner,,
St Thomas' Church of England Primary School,Primary,(01797) 226479,Friars Road,,Winchelsea,East Sussex,TN36 4ED,office@st-thomas-winchelsea.e-sussex.sch.uk,5,11,Mary Westhead,,
Stafford Junior School,Junior,(01323) 733434,Ringwood Road,,Eastbourne,East Sussex,BN22 8UA,office@stafford.e-sussex.sch.uk,7,11,Mandy Gard,http://www.stafford.e-sussex.sch.uk ,
Staplecross Methodist Primary School,Primary,(01580) 830256,Staplecross ,,Robertsbridge,East Sussex,TN32 5QD,office@staplecross.e-sussex.sch.uk,5,11,Elizabeth Avard,http://www.staplecross.e-sussex.sch.uk,
Stone Cross School,Primary,(01323) 461002,Adur Drive,Stone Cross,Pevensey,East Sussex,BN24 5EF,office@stonecross.e-sussex.sch.uk,5,11,Anne Allison,http://www.stonecross.e-sussex.sch.uk,
Stonegate Church of England Primary School,Primary,(01580) 200415,Station Road,Stonegate,Wadhurst,East Sussex,TN5 7EN,office@stonegate.e-sussex.sch.uk,5,11,Barbara Godden-Wood,http://www.stonegate.e-sussex.sch.uk,
Telscombe Cliffs Community Primary School,Primary,(01273) 583113,Telscombe Cliffs Way,Telscombe Cliffs,Peacehaven,East Sussex,BN10 7DE,office@staff.telscombecliffs.e-sussex.sch.uk,5,11,Gillian Webb,http://www.telscombecliffs.e-sussex.sch.uk,
The Bishop Bell Church Of England School,Secondary,(01323) 465400,Priory Road,,Eastbourne,East Sussex,BN23 7EJ,admin@bishopbell.e-sussex.sch.uk,11,16,Terry Boatwright, John Ross,http://www.bishopbell.e-sussex.sch.uk,
The Causeway School,Secondary,(01323) 465700,Larkspur Drive,,Eastbourne,East Sussex,BN23 8EJ,enquiries@causeway.e-sussex.sch.uk,11,16,Terry Boatwright, Richard Thomas,http://www.causeway.e-sussex.sch.uk,
Cavendish School,Secondary,(01323) 731340,Eldon Road,,Eastbourne,East Sussex,BN21 1UE,office@cavendish.e-sussex.sch.uk,11,16,Kenneth Fitzpatrick,http://www.cavendish.e-sussex.sch.uk,
The Haven Voluntary Aided C E Methodist Primary School,Primary,(01323) 471781,Atlantic Drive,,Eastbourne,East Sussex,BN23 5SW,admin@thehaven.e-sussex.sch.uk,5,11,Wendy Bray,,
The Lindfield School,Special,(01323) 502988,Lindfield Road,,Eastbourne,East Sussex,BN22 0BQ,office@lindfield.e-sussex.sch.uk,11,16,Kirsty McIlhargey,,
The South Downs Community Special School,Special,(01323) 730302,Beechy Avenue,,Eastbourne,East Sussex,BN20 8NU,office@downs.e-sussex.sch.uk,3,11,Remo Palladino,http://www.south.downs.e-sussex.sch.uk,
Rye College,Secondary,(01797) 222545,Love Lane,,Rye,East Sussex,TN31 7NQ,office@ryecollege.e-sussex.sch.uk,11,16,Ann Cockerham,http://www.ryecollege.co.uk/,
Ticehurst and Flimwell Church of England Primary School,Primary,(01580) 200344,Steellands Rise,Ticehurst,Wadhurst,East Sussex,TN5 7DH,office@ticehurst.e-sussex.sch.uk,5,11,Maggie Sharpe,http://www.ticehurst.e-sussex.sch.uk,
Tideway School,Secondary,(01273) 517601,Southdown Road,,Newhaven,East Sussex,BN9 9JL,office@tidewayschool.org,11,16,Rob Corbett,http://www.tidewayschool.org,
Tollgate Community Junior School,Junior,(01323) 723298,Winston Crescent,,Eastbourne,East Sussex,BN23 6NL,office@tollgate-jun.e-sussex.sch.uk,7,11,Stephen Dennis,http://www.school-portal.co.uk/Grouphomepage.asp?GroupId=394451,
Torfield School,Special,(01424) 428228,Croft Road,,Hastings,East Sussex,TN34 3JT,office@torfield.e-sussex.sch.uk,3,11,Jean Mockford,http://www.torfield.e-sussex.sch.uk,
Uckfield Community Technology College,Secondary,(01825) 764844,Downsview Crescent,,Uckfield,East Sussex,TN22 3DJ,office@uctc.e-sussex.sch.uk,11,18,Hugh Hennebry,http://www.uctc.e-sussex.sch.uk,
Uplands Community College,Secondary,(01892) 782135,Lower High Street,,Wadhurst,East Sussex,TN5 6AZ,office@uplandscc.com,11,18,Jayne Edmonds,http://www.uplandscc.e-sussex.sch.uk,
Wadhurst Church of England Primary School,Primary,(01892) 783155,Sparrows Green,,Wadhurst,East Sussex,TN5 6SR,office@wadhurstpri.e-sussex.sch.uk,5,11,Richard Barham,http://www.wadhurstpri.e-sussex.sch.uk,
Wallands Community Primary School,Primary,(01273) 472776,Gundreda Road,,Lewes,East Sussex,BN7 1PU,office@wallandscp.e-sussex.sch.uk,5,11,Debbie Gordon,http://www.wallandsprimary.com,
West Rise Community Infant School,Infant,(01323) 764062,Chaffinch Road,,Eastbourne,East Sussex,BN23 7SL,office@westriseinf.e-sussex.sch.uk,5,7,Lynne Weir ,http://www.westriseinf.ik.org ,
West Rise Junior School,Junior,(01323) 764037,Chaffinch Road,,Eastbourne,East Sussex,BN23 7SL,office@westrise-jun.e-sussex.sch.uk,7,11,Mike Fairclough,http://www.westrise-jun.e-sussex.sch.uk/,
West St Leonards Community Primary School,Primary,(01424) 422080,Harley Shute Road,,St Leonards-on-Sea,East Sussex,TN38 8BX,office@west-st-leonards.e-sussex.sch.uk,5,11,Frances Robinson,http://www.west-st-leonards.e-sussex.sch.uk,
Western Road Community Primary School,Primary,(01273) 473013,Southover High Street,,Lewes,East Sussex,BN7 1JB,office@westernroad.e-sussex.sch.uk,5,11,Garry Thompson,,
Westfield School,Primary,(01424) 751404,Main Road,Westfield,Hastings,East Sussex,TN35 4QE,office@westfield.e-sussex.sch.uk,5,11,Keith Cheetham,http://www.westfield-school.com,
White House Primary School,Primary,(01323) 841615,Marshfoot Lane,,Hailsham,East Sussex,BN27 2FB,office@whitehouse.e-sussex.sch.uk,5,11,Heather Baldwin,,
Whitehill Infant School,Infant,(01892) 655846,Luxford Road,,Crowborough,East Sussex,TN6 2HW,office@whitehill.e-sussex.sch.uk,5,7,Tracy Robinson,http://www.whitehill.e-sussex.sch.uk,
William Parker Sports College,Secondary,(01424) 439888,Parkstone Road,,Hastings,East Sussex,TN34 2NT,office@williamparker.e-sussex.sch.uk,11,18,John Court,http://www.williamparker.e-sussex.sch.uk,
Willingdon Community School,Secondary,(01323) 485254,Broad Road,,Eastbourne,East Sussex,BN20 9QX,office@willingdon.e-sussex.sch.uk,11,16,Joan Jordan,http://www.willingdon.e-sussex.sch.uk/,
Willingdon Primary School,Primary,(01323) 482619,Rapsons Road,,Eastbourne,East Sussex,BN20 9RJ,office@willingdon-prim.e-sussex.sch.uk,5,11,Judith Cooper,http://www.our-school.net,
Wivelsfield Primary School,Primary,(01444) 471393,South Road,Wivelsfield Green,Haywards Heath,East Sussex,RH17 7QN,office@wivelsfield.e-sussex.sch.uk,5,11,Jonathan Rowsell,http://www.wivelsfield.e-sussex.sch.uk/,
Rye Community Primary School,Primary,01797 222825,The Grove,,Rye,East Sussex,TN31 7ND,office@ryeprimary.e-sussex.sch.uk,5,11,Paul Reilly,http://www.ryeprimary.e-sussex.sch.uk,
The Eastbourne Academy,Secondary,(01323) 514900,Brodrick Road,,Eastbourne,East Sussex,BN22 9RQ,office@theeastbourneacademy.org,11,16,Keith Pailthorpe,http://www.theeastbourneacademy.org,
Heron Park Community Primary School,Primary,01323 502525,Dallington Road,,Eastbourne,East Sussex,BN22 9EE,,5,11,Karen Bye,,
The Hastings Academy,Secondary,,Rye Road,,Hastings,East Sussex,TN35 5DN,,11,16,,,
The St Leonards Academy,Secondary,0142448740,Edinburgh Road,,St Leonards-on-sea,East Sussex,TN38 8HH,,11,18,,,